source,report_title,report_date,team,market_type,stage,probability,extraction_method,notes
Goldman Sachs Global Investment Research,"World Cup 2026: Predictions, Probabilities, and Paths to Victory",2026-05-29,Spain,tournament_advancement,round_of_32,0.991,pdf_text_exhibit_7,Exhibit 7 pdf column R32; as of 2026-05-29
Goldman Sachs Global Investment Research,"World Cup 2026: Predictions, Probabilities, and Paths to Victory",2026-05-29,Spain,tournament_advancement,round_of_16,0.806,pdf_text_exhibit_7,Exhibit 7 pdf column R16; as of 2026-05-29
Goldman Sachs Global Investment Research,"World Cup 2026: Predictions, Probabilities, and Paths to Victory",2026-05-29,Spain,tournament_advancement,quarter_final,0.651,pdf_text_exhibit_7,Exhibit 7 pdf column QF; as of 2026-05-29
Goldman Sachs Global Investment Research,"World Cup 2026: Predictions, Probabilities, and Paths to Victory",2026-05-29,Spain,tournament_advancement,semi_final,0.553,pdf_text_exhibit_7,Exhibit 7 pdf column SF; as of 2026-05-29
Goldman Sachs Global Investment Research,"World Cup 2026: Predictions, Probabilities, and Paths to Victory",2026-05-29,Spain,tournament_advancement,final,0.375,pdf_text_exhibit_7,Exhibit 7 pdf column Final; as of 2026-05-29
Goldman Sachs Global Investment Research,"World Cup 2026: Predictions, Probabilities, and Paths to Victory",2026-05-29,Spain,outright,winner,0.257,pdf_text_exhibit_7,Exhibit 7 pdf column Winner; as of 2026-05-29
Goldman Sachs Global Investment Research,"World Cup 2026: Predictions, Probabilities, and Paths to Victory",2026-05-29,Uzbekistan,tournament_advancement,round_of_32,0.545,pdf_text_exhibit_7,Exhibit 7 pdf column R32; as of 2026-05-29
Goldman Sachs Global Investment Research,"World Cup 2026: Predictions, Probabilities, and Paths to Victory",2026-05-29,Uzbekistan,tournament_advancement,round_of_16,0.189,pdf_text_exhibit_7,Exhibit 7 pdf column R16; as of 2026-05-29
Goldman Sachs Global Investment Research,"World Cup 2026: Predictions, Probabilities, and Paths to Victory",2026-05-29,Uzbekistan,tournament_advancement,quarter_final,0.062,pdf_text_exhibit_7,Exhibit 7 pdf column QF; as of 2026-05-29
Goldman Sachs Global Investment Research,"World Cup 2026: Predictions, Probabilities, and Paths to Victory",2026-05-29,Uzbekistan,tournament_advancement,semi_final,0.02,pdf_text_exhibit_7,Exhibit 7 pdf column SF; as of 2026-05-29
Goldman Sachs Global Investment Research,"World Cup 2026: Predictions, Probabilities, and Paths to Victory",2026-05-29,Uzbekistan,tournament_advancement,final,0.006,pdf_text_exhibit_7,Exhibit 7 pdf column Final; as of 2026-05-29
Goldman Sachs Global Investment Research,"World Cup 2026: Predictions, Probabilities, and Paths to Victory",2026-05-29,Uzbekistan,outright,winner,0.002,pdf_text_exhibit_7,Exhibit 7 pdf column Winner; as of 2026-05-29
Goldman Sachs Global Investment Research,"World Cup 2026: Predictions, Probabilities, and Paths to Victory",2026-05-29,France,tournament_advancement,round_of_32,0.962,pdf_text_exhibit_7,Exhibit 7 pdf column R32; as of 2026-05-29
Goldman Sachs Global Investment Research,"World Cup 2026: Predictions, Probabilities, and Paths to Victory",2026-05-29,France,tournament_advancement,round_of_16,0.824,pdf_text_exhibit_7,Exhibit 7 pdf column R16; as of 2026-05-29
Goldman Sachs Global Investment Research,"World Cup 2026: Predictions, Probabilities, and Paths to Victory",2026-05-29,France,tournament_advancement,quarter_final,0.619,pdf_text_exhibit_7,Exhibit 7 pdf column QF; as of 2026-05-29
Goldman Sachs Global Investment Research,"World Cup 2026: Predictions, Probabilities, and Paths to Victory",2026-05-29,France,tournament_advancement,semi_final,0.47,pdf_text_exhibit_7,Exhibit 7 pdf column SF; as of 2026-05-29
Goldman Sachs Global Investment Research,"World Cup 2026: Predictions, Probabilities, and Paths to Victory",2026-05-29,France,tournament_advancement,final,0.289,pdf_text_exhibit_7,Exhibit 7 pdf column Final; as of 2026-05-29
Goldman Sachs Global Investment Research,"World Cup 2026: Predictions, Probabilities, and Paths to Victory",2026-05-29,France,outright,winner,0.189,pdf_text_exhibit_7,Exhibit 7 pdf column Winner; as of 2026-05-29
Goldman Sachs Global Investment Research,"World Cup 2026: Predictions, Probabilities, and Paths to Victory",2026-05-29,Australia,tournament_advancement,round_of_32,0.594,pdf_text_exhibit_7,Exhibit 7 pdf column R32; as of 2026-05-29
Goldman Sachs Global Investment Research,"World Cup 2026: Predictions, Probabilities, and Paths to Victory",2026-05-29,Australia,tournament_advancement,round_of_16,0.281,pdf_text_exhibit_7,Exhibit 7 pdf column R16; as of 2026-05-29
Goldman Sachs Global Investment Research,"World Cup 2026: Predictions, Probabilities, and Paths to Victory",2026-05-29,Australia,tournament_advancement,quarter_final,0.099,pdf_text_exhibit_7,Exhibit 7 pdf column QF; as of 2026-05-29
Goldman Sachs Global Investment Research,"World Cup 2026: Predictions, Probabilities, and Paths to Victory",2026-05-29,Australia,tournament_advancement,semi_final,0.026,pdf_text_exhibit_7,Exhibit 7 pdf column SF; as of 2026-05-29
Goldman Sachs Global Investment Research,"World Cup 2026: Predictions, Probabilities, and Paths to Victory",2026-05-29,Australia,tournament_advancement,final,0.008,pdf_text_exhibit_7,Exhibit 7 pdf column Final; as of 2026-05-29
Goldman Sachs Global Investment Research,"World Cup 2026: Predictions, Probabilities, and Paths to Victory",2026-05-29,Australia,outright,winner,0.002,pdf_text_exhibit_7,Exhibit 7 pdf column Winner; as of 2026-05-29
Goldman Sachs Global Investment Research,"World Cup 2026: Predictions, Probabilities, and Paths to Victory",2026-05-29,Argentina,tournament_advancement,round_of_32,0.965,pdf_text_exhibit_7,Exhibit 7 pdf column R32; as of 2026-05-29
Goldman Sachs Global Investment Research,"World Cup 2026: Predictions, Probabilities, and Paths to Victory",2026-05-29,Argentina,tournament_advancement,round_of_16,0.7,pdf_text_exhibit_7,Exhibit 7 pdf column R16; as of 2026-05-29
Goldman Sachs Global Investment Research,"World Cup 2026: Predictions, Probabilities, and Paths to Victory",2026-05-29,Argentina,tournament_advancement,quarter_final,0.573,pdf_text_exhibit_7,Exhibit 7 pdf column QF; as of 2026-05-29
Goldman Sachs Global Investment Research,"World Cup 2026: Predictions, Probabilities, and Paths to Victory",2026-05-29,Argentina,tournament_advancement,semi_final,0.424,pdf_text_exhibit_7,Exhibit 7 pdf column SF; as of 2026-05-29
Goldman Sachs Global Investment Research,"World Cup 2026: Predictions, Probabilities, and Paths to Victory",2026-05-29,Argentina,tournament_advancement,final,0.271,pdf_text_exhibit_7,Exhibit 7 pdf column Final; as of 2026-05-29
Goldman Sachs Global Investment Research,"World Cup 2026: Predictions, Probabilities, and Paths to Victory",2026-05-29,Argentina,outright,winner,0.143,pdf_text_exhibit_7,Exhibit 7 pdf column Winner; as of 2026-05-29
Goldman Sachs Global Investment Research,"World Cup 2026: Predictions, Probabilities, and Paths to Victory",2026-05-29,Czechia,tournament_advancement,round_of_32,0.687,pdf_text_exhibit_7,Exhibit 7 pdf column R32; as of 2026-05-29
Goldman Sachs Global Investment Research,"World Cup 2026: Predictions, Probabilities, and Paths to Victory",2026-05-29,Czechia,tournament_advancement,round_of_16,0.325,pdf_text_exhibit_7,Exhibit 7 pdf column R16; as of 2026-05-29
Goldman Sachs Global Investment Research,"World Cup 2026: Predictions, Probabilities, and Paths to Victory",2026-05-29,Czechia,tournament_advancement,quarter_final,0.1,pdf_text_exhibit_7,Exhibit 7 pdf column QF; as of 2026-05-29
Goldman Sachs Global Investment Research,"World Cup 2026: Predictions, Probabilities, and Paths to Victory",2026-05-29,Czechia,tournament_advancement,semi_final,0.023,pdf_text_exhibit_7,Exhibit 7 pdf column SF; as of 2026-05-29
Goldman Sachs Global Investment Research,"World Cup 2026: Predictions, Probabilities, and Paths to Victory",2026-05-29,Czechia,tournament_advancement,final,0.007,pdf_text_exhibit_7,Exhibit 7 pdf column Final; as of 2026-05-29
Goldman Sachs Global Investment Research,"World Cup 2026: Predictions, Probabilities, and Paths to Victory",2026-05-29,Czechia,outright,winner,0.002,pdf_text_exhibit_7,Exhibit 7 pdf column Winner; as of 2026-05-29
Goldman Sachs Global Investment Research,"World Cup 2026: Predictions, Probabilities, and Paths to Victory",2026-05-29,Brazil,tournament_advancement,round_of_32,0.961,pdf_text_exhibit_7,Exhibit 7 pdf column R32; as of 2026-05-29
Goldman Sachs Global Investment Research,"World Cup 2026: Predictions, Probabilities, and Paths to Victory",2026-05-29,Brazil,tournament_advancement,round_of_16,0.669,pdf_text_exhibit_7,Exhibit 7 pdf column R16; as of 2026-05-29
Goldman Sachs Global Investment Research,"World Cup 2026: Predictions, Probabilities, and Paths to Victory",2026-05-29,Brazil,tournament_advancement,quarter_final,0.453,pdf_text_exhibit_7,Exhibit 7 pdf column QF; as of 2026-05-29
Goldman Sachs Global Investment Research,"World Cup 2026: Predictions, Probabilities, and Paths to Victory",2026-05-29,Brazil,tournament_advancement,semi_final,0.284,pdf_text_exhibit_7,Exhibit 7 pdf column SF; as of 2026-05-29
Goldman Sachs Global Investment Research,"World Cup 2026: Predictions, Probabilities, and Paths to Victory",2026-05-29,Brazil,tournament_advancement,final,0.159,pdf_text_exhibit_7,Exhibit 7 pdf column Final; as of 2026-05-29
Goldman Sachs Global Investment Research,"World Cup 2026: Predictions, Probabilities, and Paths to Victory",2026-05-29,Brazil,outright,winner,0.076,pdf_text_exhibit_7,Exhibit 7 pdf column Winner; as of 2026-05-29
Goldman Sachs Global Investment Research,"World Cup 2026: Predictions, Probabilities, and Paths to Victory",2026-05-29,Scotland,tournament_advancement,round_of_32,0.643,pdf_text_exhibit_7,Exhibit 7 pdf column R32; as of 2026-05-29
Goldman Sachs Global Investment Research,"World Cup 2026: Predictions, Probabilities, and Paths to Victory",2026-05-29,Scotland,tournament_advancement,round_of_16,0.186,pdf_text_exhibit_7,Exhibit 7 pdf column R16; as of 2026-05-29
Goldman Sachs Global Investment Research,"World Cup 2026: Predictions, Probabilities, and Paths to Victory",2026-05-29,Scotland,tournament_advancement,quarter_final,0.072,pdf_text_exhibit_7,Exhibit 7 pdf column QF; as of 2026-05-29
Goldman Sachs Global Investment Research,"World Cup 2026: Predictions, Probabilities, and Paths to Victory",2026-05-29,Scotland,tournament_advancement,semi_final,0.02,pdf_text_exhibit_7,Exhibit 7 pdf column SF; as of 2026-05-29
Goldman Sachs Global Investment Research,"World Cup 2026: Predictions, Probabilities, and Paths to Victory",2026-05-29,Scotland,tournament_advancement,final,0.006,pdf_text_exhibit_7,Exhibit 7 pdf column Final; as of 2026-05-29
Goldman Sachs Global Investment Research,"World Cup 2026: Predictions, Probabilities, and Paths to Victory",2026-05-29,Scotland,outright,winner,0.001,pdf_text_exhibit_7,Exhibit 7 pdf column Winner; as of 2026-05-29
Goldman Sachs Global Investment Research,"World Cup 2026: Predictions, Probabilities, and Paths to Victory",2026-05-29,Netherlands,tournament_advancement,round_of_32,0.943,pdf_text_exhibit_7,Exhibit 7 pdf column R32; as of 2026-05-29
Goldman Sachs Global Investment Research,"World Cup 2026: Predictions, Probabilities, and Paths to Victory",2026-05-29,Netherlands,tournament_advancement,round_of_16,0.616,pdf_text_exhibit_7,Exhibit 7 pdf column R16; as of 2026-05-29
Goldman Sachs Global Investment Research,"World Cup 2026: Predictions, Probabilities, and Paths to Victory",2026-05-29,Netherlands,tournament_advancement,quarter_final,0.459,pdf_text_exhibit_7,Exhibit 7 pdf column QF; as of 2026-05-29
Goldman Sachs Global Investment Research,"World Cup 2026: Predictions, Probabilities, and Paths to Victory",2026-05-29,Netherlands,tournament_advancement,semi_final,0.227,pdf_text_exhibit_7,Exhibit 7 pdf column SF; as of 2026-05-29
Goldman Sachs Global Investment Research,"World Cup 2026: Predictions, Probabilities, and Paths to Victory",2026-05-29,Netherlands,tournament_advancement,final,0.11,pdf_text_exhibit_7,Exhibit 7 pdf column Final; as of 2026-05-29
Goldman Sachs Global Investment Research,"World Cup 2026: Predictions, Probabilities, and Paths to Victory",2026-05-29,Netherlands,outright,winner,0.052,pdf_text_exhibit_7,Exhibit 7 pdf column Winner; as of 2026-05-29
Goldman Sachs Global Investment Research,"World Cup 2026: Predictions, Probabilities, and Paths to Victory",2026-05-29,Algeria,tournament_advancement,round_of_32,0.503,pdf_text_exhibit_7,Exhibit 7 pdf column R32; as of 2026-05-29
Goldman Sachs Global Investment Research,"World Cup 2026: Predictions, Probabilities, and Paths to Victory",2026-05-29,Algeria,tournament_advancement,round_of_16,0.137,pdf_text_exhibit_7,Exhibit 7 pdf column R16; as of 2026-05-29
Goldman Sachs Global Investment Research,"World Cup 2026: Predictions, Probabilities, and Paths to Victory",2026-05-29,Algeria,tournament_advancement,quarter_final,0.05,pdf_text_exhibit_7,Exhibit 7 pdf column QF; as of 2026-05-29
Goldman Sachs Global Investment Research,"World Cup 2026: Predictions, Probabilities, and Paths to Victory",2026-05-29,Algeria,tournament_advancement,semi_final,0.015,pdf_text_exhibit_7,Exhibit 7 pdf column SF; as of 2026-05-29
Goldman Sachs Global Investment Research,"World Cup 2026: Predictions, Probabilities, and Paths to Victory",2026-05-29,Algeria,tournament_advancement,final,0.004,pdf_text_exhibit_7,Exhibit 7 pdf column Final; as of 2026-05-29
Goldman Sachs Global Investment Research,"World Cup 2026: Predictions, Probabilities, and Paths to Victory",2026-05-29,Algeria,outright,winner,0.001,pdf_text_exhibit_7,Exhibit 7 pdf column Winner; as of 2026-05-29
Goldman Sachs Global Investment Research,"World Cup 2026: Predictions, Probabilities, and Paths to Victory",2026-05-29,England,tournament_advancement,round_of_32,0.941,pdf_text_exhibit_7,Exhibit 7 pdf column R32; as of 2026-05-29
Goldman Sachs Global Investment Research,"World Cup 2026: Predictions, Probabilities, and Paths to Victory",2026-05-29,England,tournament_advancement,round_of_16,0.659,pdf_text_exhibit_7,Exhibit 7 pdf column R16; as of 2026-05-29
Goldman Sachs Global Investment Research,"World Cup 2026: Predictions, Probabilities, and Paths to Victory",2026-05-29,England,tournament_advancement,quarter_final,0.377,pdf_text_exhibit_7,Exhibit 7 pdf column QF; as of 2026-05-29
Goldman Sachs Global Investment Research,"World Cup 2026: Predictions, Probabilities, and Paths to Victory",2026-05-29,England,tournament_advancement,semi_final,0.222,pdf_text_exhibit_7,Exhibit 7 pdf column SF; as of 2026-05-29
Goldman Sachs Global Investment Research,"World Cup 2026: Predictions, Probabilities, and Paths to Victory",2026-05-29,England,tournament_advancement,final,0.115,pdf_text_exhibit_7,Exhibit 7 pdf column Final; as of 2026-05-29
Goldman Sachs Global Investment Research,"World Cup 2026: Predictions, Probabilities, and Paths to Victory",2026-05-29,England,outright,winner,0.05,pdf_text_exhibit_7,Exhibit 7 pdf column Winner; as of 2026-05-29
Goldman Sachs Global Investment Research,"World Cup 2026: Predictions, Probabilities, and Paths to Victory",2026-05-29,Iran,tournament_advancement,round_of_32,0.716,pdf_text_exhibit_7,Exhibit 7 pdf column R32; as of 2026-05-29
Goldman Sachs Global Investment Research,"World Cup 2026: Predictions, Probabilities, and Paths to Victory",2026-05-29,Iran,tournament_advancement,round_of_16,0.303,pdf_text_exhibit_7,Exhibit 7 pdf column R16; as of 2026-05-29
Goldman Sachs Global Investment Research,"World Cup 2026: Predictions, Probabilities, and Paths to Victory",2026-05-29,Iran,tournament_advancement,quarter_final,0.097,pdf_text_exhibit_7,Exhibit 7 pdf column QF; as of 2026-05-29
Goldman Sachs Global Investment Research,"World Cup 2026: Predictions, Probabilities, and Paths to Victory",2026-05-29,Iran,tournament_advancement,semi_final,0.022,pdf_text_exhibit_7,Exhibit 7 pdf column SF; as of 2026-05-29
Goldman Sachs Global Investment Research,"World Cup 2026: Predictions, Probabilities, and Paths to Victory",2026-05-29,Iran,tournament_advancement,final,0.005,pdf_text_exhibit_7,Exhibit 7 pdf column Final; as of 2026-05-29
Goldman Sachs Global Investment Research,"World Cup 2026: Predictions, Probabilities, and Paths to Victory",2026-05-29,Iran,outright,winner,0.001,pdf_text_exhibit_7,Exhibit 7 pdf column Winner; as of 2026-05-29
Goldman Sachs Global Investment Research,"World Cup 2026: Predictions, Probabilities, and Paths to Victory",2026-05-29,Portugal,tournament_advancement,round_of_32,0.902,pdf_text_exhibit_7,Exhibit 7 pdf column R32; as of 2026-05-29
Goldman Sachs Global Investment Research,"World Cup 2026: Predictions, Probabilities, and Paths to Victory",2026-05-29,Portugal,tournament_advancement,round_of_16,0.614,pdf_text_exhibit_7,Exhibit 7 pdf column R16; as of 2026-05-29
Goldman Sachs Global Investment Research,"World Cup 2026: Predictions, Probabilities, and Paths to Victory",2026-05-29,Portugal,tournament_advancement,quarter_final,0.379,pdf_text_exhibit_7,Exhibit 7 pdf column QF; as of 2026-05-29
Goldman Sachs Global Investment Research,"World Cup 2026: Predictions, Probabilities, and Paths to Victory",2026-05-29,Portugal,tournament_advancement,semi_final,0.21,pdf_text_exhibit_7,Exhibit 7 pdf column SF; as of 2026-05-29
Goldman Sachs Global Investment Research,"World Cup 2026: Predictions, Probabilities, and Paths to Victory",2026-05-29,Portugal,tournament_advancement,final,0.11,pdf_text_exhibit_7,Exhibit 7 pdf column Final; as of 2026-05-29
Goldman Sachs Global Investment Research,"World Cup 2026: Predictions, Probabilities, and Paths to Victory",2026-05-29,Portugal,outright,winner,0.048,pdf_text_exhibit_7,Exhibit 7 pdf column Winner; as of 2026-05-29
Goldman Sachs Global Investment Research,"World Cup 2026: Predictions, Probabilities, and Paths to Victory",2026-05-29,Panama,tournament_advancement,round_of_32,0.58,pdf_text_exhibit_7,Exhibit 7 pdf column R32; as of 2026-05-29
Goldman Sachs Global Investment Research,"World Cup 2026: Predictions, Probabilities, and Paths to Victory",2026-05-29,Panama,tournament_advancement,round_of_16,0.179,pdf_text_exhibit_7,Exhibit 7 pdf column R16; as of 2026-05-29
Goldman Sachs Global Investment Research,"World Cup 2026: Predictions, Probabilities, and Paths to Victory",2026-05-29,Panama,tournament_advancement,quarter_final,0.053,pdf_text_exhibit_7,Exhibit 7 pdf column QF; as of 2026-05-29
Goldman Sachs Global Investment Research,"World Cup 2026: Predictions, Probabilities, and Paths to Victory",2026-05-29,Panama,tournament_advancement,semi_final,0.016,pdf_text_exhibit_7,Exhibit 7 pdf column SF; as of 2026-05-29
Goldman Sachs Global Investment Research,"World Cup 2026: Predictions, Probabilities, and Paths to Victory",2026-05-29,Panama,tournament_advancement,final,0.004,pdf_text_exhibit_7,Exhibit 7 pdf column Final; as of 2026-05-29
Goldman Sachs Global Investment Research,"World Cup 2026: Predictions, Probabilities, and Paths to Victory",2026-05-29,Panama,outright,winner,0.001,pdf_text_exhibit_7,Exhibit 7 pdf column Winner; as of 2026-05-29
Goldman Sachs Global Investment Research,"World Cup 2026: Predictions, Probabilities, and Paths to Victory",2026-05-29,Germany,tournament_advancement,round_of_32,0.95,pdf_text_exhibit_7,Exhibit 7 pdf column R32; as of 2026-05-29
Goldman Sachs Global Investment Research,"World Cup 2026: Predictions, Probabilities, and Paths to Victory",2026-05-29,Germany,tournament_advancement,round_of_16,0.67,pdf_text_exhibit_7,Exhibit 7 pdf column R16; as of 2026-05-29
Goldman Sachs Global Investment Research,"World Cup 2026: Predictions, Probabilities, and Paths to Victory",2026-05-29,Germany,tournament_advancement,quarter_final,0.321,pdf_text_exhibit_7,Exhibit 7 pdf column QF; as of 2026-05-29
Goldman Sachs Global Investment Research,"World Cup 2026: Predictions, Probabilities, and Paths to Victory",2026-05-29,Germany,tournament_advancement,semi_final,0.199,pdf_text_exhibit_7,Exhibit 7 pdf column SF; as of 2026-05-29
Goldman Sachs Global Investment Research,"World Cup 2026: Predictions, Probabilities, and Paths to Victory",2026-05-29,Germany,tournament_advancement,final,0.095,pdf_text_exhibit_7,Exhibit 7 pdf column Final; as of 2026-05-29
Goldman Sachs Global Investment Research,"World Cup 2026: Predictions, Probabilities, and Paths to Victory",2026-05-29,Germany,outright,winner,0.045,pdf_text_exhibit_7,Exhibit 7 pdf column Winner; as of 2026-05-29
Goldman Sachs Global Investment Research,"World Cup 2026: Predictions, Probabilities, and Paths to Victory",2026-05-29,Jordan,tournament_advancement,round_of_32,0.479,pdf_text_exhibit_7,Exhibit 7 pdf column R32; as of 2026-05-29
Goldman Sachs Global Investment Research,"World Cup 2026: Predictions, Probabilities, and Paths to Victory",2026-05-29,Jordan,tournament_advancement,round_of_16,0.137,pdf_text_exhibit_7,Exhibit 7 pdf column R16; as of 2026-05-29
Goldman Sachs Global Investment Research,"World Cup 2026: Predictions, Probabilities, and Paths to Victory",2026-05-29,Jordan,tournament_advancement,quarter_final,0.052,pdf_text_exhibit_7,Exhibit 7 pdf column QF; as of 2026-05-29
Goldman Sachs Global Investment Research,"World Cup 2026: Predictions, Probabilities, and Paths to Victory",2026-05-29,Jordan,tournament_advancement,semi_final,0.017,pdf_text_exhibit_7,Exhibit 7 pdf column SF; as of 2026-05-29
Goldman Sachs Global Investment Research,"World Cup 2026: Predictions, Probabilities, and Paths to Victory",2026-05-29,Jordan,tournament_advancement,final,0.004,pdf_text_exhibit_7,Exhibit 7 pdf column Final; as of 2026-05-29
Goldman Sachs Global Investment Research,"World Cup 2026: Predictions, Probabilities, and Paths to Victory",2026-05-29,Jordan,outright,winner,0.001,pdf_text_exhibit_7,Exhibit 7 pdf column Winner; as of 2026-05-29
Goldman Sachs Global Investment Research,"World Cup 2026: Predictions, Probabilities, and Paths to Victory",2026-05-29,Colombia,tournament_advancement,round_of_32,0.874,pdf_text_exhibit_7,Exhibit 7 pdf column R32; as of 2026-05-29
Goldman Sachs Global Investment Research,"World Cup 2026: Predictions, Probabilities, and Paths to Victory",2026-05-29,Colombia,tournament_advancement,round_of_16,0.515,pdf_text_exhibit_7,Exhibit 7 pdf column R16; as of 2026-05-29
Goldman Sachs Global Investment Research,"World Cup 2026: Predictions, Probabilities, and Paths to Victory",2026-05-29,Colombia,tournament_advancement,quarter_final,0.267,pdf_text_exhibit_7,Exhibit 7 pdf column QF; as of 2026-05-29
Goldman Sachs Global Investment Research,"World Cup 2026: Predictions, Probabilities, and Paths to Victory",2026-05-29,Colombia,tournament_advancement,semi_final,0.132,pdf_text_exhibit_7,Exhibit 7 pdf column SF; as of 2026-05-29
Goldman Sachs Global Investment Research,"World Cup 2026: Predictions, Probabilities, and Paths to Victory",2026-05-29,Colombia,tournament_advancement,final,0.059,pdf_text_exhibit_7,Exhibit 7 pdf column Final; as of 2026-05-29
Goldman Sachs Global Investment Research,"World Cup 2026: Predictions, Probabilities, and Paths to Victory",2026-05-29,Colombia,outright,winner,0.022,pdf_text_exhibit_7,Exhibit 7 pdf column Winner; as of 2026-05-29
Goldman Sachs Global Investment Research,"World Cup 2026: Predictions, Probabilities, and Paths to Victory",2026-05-29,South Korea,tournament_advancement,round_of_32,0.712,pdf_text_exhibit_7,Exhibit 7 pdf column R32; as of 2026-05-29
Goldman Sachs Global Investment Research,"World Cup 2026: Predictions, Probabilities, and Paths to Victory",2026-05-29,South Korea,tournament_advancement,round_of_16,0.345,pdf_text_exhibit_7,Exhibit 7 pdf column R16; as of 2026-05-29
Goldman Sachs Global Investment Research,"World Cup 2026: Predictions, Probabilities, and Paths to Victory",2026-05-29,South Korea,tournament_advancement,quarter_final,0.106,pdf_text_exhibit_7,Exhibit 7 pdf column QF; as of 2026-05-29
Goldman Sachs Global Investment Research,"World Cup 2026: Predictions, Probabilities, and Paths to Victory",2026-05-29,South Korea,tournament_advancement,semi_final,0.02,pdf_text_exhibit_7,Exhibit 7 pdf column SF; as of 2026-05-29
Goldman Sachs Global Investment Research,"World Cup 2026: Predictions, Probabilities, and Paths to Victory",2026-05-29,South Korea,tournament_advancement,final,0.005,pdf_text_exhibit_7,Exhibit 7 pdf column Final; as of 2026-05-29
Goldman Sachs Global Investment Research,"World Cup 2026: Predictions, Probabilities, and Paths to Victory",2026-05-29,South Korea,outright,winner,0.001,pdf_text_exhibit_7,Exhibit 7 pdf column Winner; as of 2026-05-29
Goldman Sachs Global Investment Research,"World Cup 2026: Predictions, Probabilities, and Paths to Victory",2026-05-29,Croatia,tournament_advancement,round_of_32,0.874,pdf_text_exhibit_7,Exhibit 7 pdf column R32; as of 2026-05-29
Goldman Sachs Global Investment Research,"World Cup 2026: Predictions, Probabilities, and Paths to Victory",2026-05-29,Croatia,tournament_advancement,round_of_16,0.491,pdf_text_exhibit_7,Exhibit 7 pdf column R16; as of 2026-05-29
Goldman Sachs Global Investment Research,"World Cup 2026: Predictions, Probabilities, and Paths to Victory",2026-05-29,Croatia,tournament_advancement,quarter_final,0.225,pdf_text_exhibit_7,Exhibit 7 pdf column QF; as of 2026-05-29
Goldman Sachs Global Investment Research,"World Cup 2026: Predictions, Probabilities, and Paths to Victory",2026-05-29,Croatia,tournament_advancement,semi_final,0.113,pdf_text_exhibit_7,Exhibit 7 pdf column SF; as of 2026-05-29
Goldman Sachs Global Investment Research,"World Cup 2026: Predictions, Probabilities, and Paths to Victory",2026-05-29,Croatia,tournament_advancement,final,0.049,pdf_text_exhibit_7,Exhibit 7 pdf column Final; as of 2026-05-29
Goldman Sachs Global Investment Research,"World Cup 2026: Predictions, Probabilities, and Paths to Victory",2026-05-29,Croatia,outright,winner,0.017,pdf_text_exhibit_7,Exhibit 7 pdf column Winner; as of 2026-05-29
Goldman Sachs Global Investment Research,"World Cup 2026: Predictions, Probabilities, and Paths to Victory",2026-05-29,Egypt,tournament_advancement,round_of_32,0.607,pdf_text_exhibit_7,Exhibit 7 pdf column R32; as of 2026-05-29
Goldman Sachs Global Investment Research,"World Cup 2026: Predictions, Probabilities, and Paths to Victory",2026-05-29,Egypt,tournament_advancement,round_of_16,0.22,pdf_text_exhibit_7,Exhibit 7 pdf column R16; as of 2026-05-29
Goldman Sachs Global Investment Research,"World Cup 2026: Predictions, Probabilities, and Paths to Victory",2026-05-29,Egypt,tournament_advancement,quarter_final,0.062,pdf_text_exhibit_7,Exhibit 7 pdf column QF; as of 2026-05-29
Goldman Sachs Global Investment Research,"World Cup 2026: Predictions, Probabilities, and Paths to Victory",2026-05-29,Egypt,tournament_advancement,semi_final,0.014,pdf_text_exhibit_7,Exhibit 7 pdf column SF; as of 2026-05-29
Goldman Sachs Global Investment Research,"World Cup 2026: Predictions, Probabilities, and Paths to Victory",2026-05-29,Egypt,tournament_advancement,final,0.003,pdf_text_exhibit_7,Exhibit 7 pdf column Final; as of 2026-05-29
Goldman Sachs Global Investment Research,"World Cup 2026: Predictions, Probabilities, and Paths to Victory",2026-05-29,Egypt,outright,winner,0.001,pdf_text_exhibit_7,Exhibit 7 pdf column Winner; as of 2026-05-29
Goldman Sachs Global Investment Research,"World Cup 2026: Predictions, Probabilities, and Paths to Victory",2026-05-29,Norway,tournament_advancement,round_of_32,0.78,pdf_text_exhibit_7,Exhibit 7 pdf column R32; as of 2026-05-29
Goldman Sachs Global Investment Research,"World Cup 2026: Predictions, Probabilities, and Paths to Victory",2026-05-29,Norway,tournament_advancement,round_of_16,0.474,pdf_text_exhibit_7,Exhibit 7 pdf column R16; as of 2026-05-29
Goldman Sachs Global Investment Research,"World Cup 2026: Predictions, Probabilities, and Paths to Victory",2026-05-29,Norway,tournament_advancement,quarter_final,0.237,pdf_text_exhibit_7,Exhibit 7 pdf column QF; as of 2026-05-29
Goldman Sachs Global Investment Research,"World Cup 2026: Predictions, Probabilities, and Paths to Victory",2026-05-29,Norway,tournament_advancement,semi_final,0.118,pdf_text_exhibit_7,Exhibit 7 pdf column SF; as of 2026-05-29
Goldman Sachs Global Investment Research,"World Cup 2026: Predictions, Probabilities, and Paths to Victory",2026-05-29,Norway,tournament_advancement,final,0.048,pdf_text_exhibit_7,Exhibit 7 pdf column Final; as of 2026-05-29
Goldman Sachs Global Investment Research,"World Cup 2026: Predictions, Probabilities, and Paths to Victory",2026-05-29,Norway,outright,winner,0.016,pdf_text_exhibit_7,Exhibit 7 pdf column Winner; as of 2026-05-29
Goldman Sachs Global Investment Research,"World Cup 2026: Predictions, Probabilities, and Paths to Victory",2026-05-29,Sweden,tournament_advancement,round_of_32,0.542,pdf_text_exhibit_7,Exhibit 7 pdf column R32; as of 2026-05-29
Goldman Sachs Global Investment Research,"World Cup 2026: Predictions, Probabilities, and Paths to Victory",2026-05-29,Sweden,tournament_advancement,round_of_16,0.13,pdf_text_exhibit_7,Exhibit 7 pdf column R16; as of 2026-05-29
Goldman Sachs Global Investment Research,"World Cup 2026: Predictions, Probabilities, and Paths to Victory",2026-05-29,Sweden,tournament_advancement,quarter_final,0.05,pdf_text_exhibit_7,Exhibit 7 pdf column QF; as of 2026-05-29
Goldman Sachs Global Investment Research,"World Cup 2026: Predictions, Probabilities, and Paths to Victory",2026-05-29,Sweden,tournament_advancement,semi_final,0.014,pdf_text_exhibit_7,Exhibit 7 pdf column SF; as of 2026-05-29
Goldman Sachs Global Investment Research,"World Cup 2026: Predictions, Probabilities, and Paths to Victory",2026-05-29,Sweden,tournament_advancement,final,0.004,pdf_text_exhibit_7,Exhibit 7 pdf column Final; as of 2026-05-29
Goldman Sachs Global Investment Research,"World Cup 2026: Predictions, Probabilities, and Paths to Victory",2026-05-29,Sweden,outright,winner,0.001,pdf_text_exhibit_7,Exhibit 7 pdf column Winner; as of 2026-05-29
Goldman Sachs Global Investment Research,"World Cup 2026: Predictions, Probabilities, and Paths to Victory",2026-05-29,Mexico,tournament_advancement,round_of_32,0.956,pdf_text_exhibit_7,Exhibit 7 pdf column R32; as of 2026-05-29
Goldman Sachs Global Investment Research,"World Cup 2026: Predictions, Probabilities, and Paths to Victory",2026-05-29,Mexico,tournament_advancement,round_of_16,0.68,pdf_text_exhibit_7,Exhibit 7 pdf column R16; as of 2026-05-29
Goldman Sachs Global Investment Research,"World Cup 2026: Predictions, Probabilities, and Paths to Victory",2026-05-29,Mexico,tournament_advancement,quarter_final,0.333,pdf_text_exhibit_7,Exhibit 7 pdf column QF; as of 2026-05-29
Goldman Sachs Global Investment Research,"World Cup 2026: Predictions, Probabilities, and Paths to Victory",2026-05-29,Mexico,tournament_advancement,semi_final,0.102,pdf_text_exhibit_7,Exhibit 7 pdf column SF; as of 2026-05-29
Goldman Sachs Global Investment Research,"World Cup 2026: Predictions, Probabilities, and Paths to Victory",2026-05-29,Mexico,tournament_advancement,final,0.034,pdf_text_exhibit_7,Exhibit 7 pdf column Final; as of 2026-05-29
Goldman Sachs Global Investment Research,"World Cup 2026: Predictions, Probabilities, and Paths to Victory",2026-05-29,Mexico,outright,winner,0.008,pdf_text_exhibit_7,Exhibit 7 pdf column Winner; as of 2026-05-29
Goldman Sachs Global Investment Research,"World Cup 2026: Predictions, Probabilities, and Paths to Victory",2026-05-29,Ivory Coast,tournament_advancement,round_of_32,0.548,pdf_text_exhibit_7,Exhibit 7 pdf column R32; as of 2026-05-29
Goldman Sachs Global Investment Research,"World Cup 2026: Predictions, Probabilities, and Paths to Victory",2026-05-29,Ivory Coast,tournament_advancement,round_of_16,0.149,pdf_text_exhibit_7,Exhibit 7 pdf column R16; as of 2026-05-29
Goldman Sachs Global Investment Research,"World Cup 2026: Predictions, Probabilities, and Paths to Victory",2026-05-29,Ivory Coast,tournament_advancement,quarter_final,0.033,pdf_text_exhibit_7,Exhibit 7 pdf column QF; as of 2026-05-29
Goldman Sachs Global Investment Research,"World Cup 2026: Predictions, Probabilities, and Paths to Victory",2026-05-29,Ivory Coast,tournament_advancement,semi_final,0.009,pdf_text_exhibit_7,Exhibit 7 pdf column SF; as of 2026-05-29
Goldman Sachs Global Investment Research,"World Cup 2026: Predictions, Probabilities, and Paths to Victory",2026-05-29,Ivory Coast,tournament_advancement,final,0.002,pdf_text_exhibit_7,Exhibit 7 pdf column Final; as of 2026-05-29
Goldman Sachs Global Investment Research,"World Cup 2026: Predictions, Probabilities, and Paths to Victory",2026-05-29,Ivory Coast,outright,winner,0,pdf_text_exhibit_7,Exhibit 7 pdf column Winner; as of 2026-05-29
Goldman Sachs Global Investment Research,"World Cup 2026: Predictions, Probabilities, and Paths to Victory",2026-05-29,Senegal,tournament_advancement,round_of_32,0.704,pdf_text_exhibit_7,Exhibit 7 pdf column R32; as of 2026-05-29
Goldman Sachs Global Investment Research,"World Cup 2026: Predictions, Probabilities, and Paths to Victory",2026-05-29,Senegal,tournament_advancement,round_of_16,0.375,pdf_text_exhibit_7,Exhibit 7 pdf column R16; as of 2026-05-29
Goldman Sachs Global Investment Research,"World Cup 2026: Predictions, Probabilities, and Paths to Victory",2026-05-29,Senegal,tournament_advancement,quarter_final,0.168,pdf_text_exhibit_7,Exhibit 7 pdf column QF; as of 2026-05-29
Goldman Sachs Global Investment Research,"World Cup 2026: Predictions, Probabilities, and Paths to Victory",2026-05-29,Senegal,tournament_advancement,semi_final,0.073,pdf_text_exhibit_7,Exhibit 7 pdf column SF; as of 2026-05-29
Goldman Sachs Global Investment Research,"World Cup 2026: Predictions, Probabilities, and Paths to Victory",2026-05-29,Senegal,tournament_advancement,final,0.026,pdf_text_exhibit_7,Exhibit 7 pdf column Final; as of 2026-05-29
Goldman Sachs Global Investment Research,"World Cup 2026: Predictions, Probabilities, and Paths to Victory",2026-05-29,Senegal,outright,winner,0.008,pdf_text_exhibit_7,Exhibit 7 pdf column Winner; as of 2026-05-29
Goldman Sachs Global Investment Research,"World Cup 2026: Predictions, Probabilities, and Paths to Victory",2026-05-29,DR Congo,tournament_advancement,round_of_32,0.349,pdf_text_exhibit_7,Exhibit 7 pdf column R32; as of 2026-05-29
Goldman Sachs Global Investment Research,"World Cup 2026: Predictions, Probabilities, and Paths to Victory",2026-05-29,DR Congo,tournament_advancement,round_of_16,0.087,pdf_text_exhibit_7,Exhibit 7 pdf column R16; as of 2026-05-29
Goldman Sachs Global Investment Research,"World Cup 2026: Predictions, Probabilities, and Paths to Victory",2026-05-29,DR Congo,tournament_advancement,quarter_final,0.021,pdf_text_exhibit_7,Exhibit 7 pdf column QF; as of 2026-05-29
Goldman Sachs Global Investment Research,"World Cup 2026: Predictions, Probabilities, and Paths to Victory",2026-05-29,DR Congo,tournament_advancement,semi_final,0.006,pdf_text_exhibit_7,Exhibit 7 pdf column SF; as of 2026-05-29
Goldman Sachs Global Investment Research,"World Cup 2026: Predictions, Probabilities, and Paths to Victory",2026-05-29,DR Congo,tournament_advancement,final,0.001,pdf_text_exhibit_7,Exhibit 7 pdf column Final; as of 2026-05-29
Goldman Sachs Global Investment Research,"World Cup 2026: Predictions, Probabilities, and Paths to Victory",2026-05-29,DR Congo,outright,winner,0,pdf_text_exhibit_7,Exhibit 7 pdf column Winner; as of 2026-05-29
Goldman Sachs Global Investment Research,"World Cup 2026: Predictions, Probabilities, and Paths to Victory",2026-05-29,Ecuador,tournament_advancement,round_of_32,0.846,pdf_text_exhibit_7,Exhibit 7 pdf column R32; as of 2026-05-29
Goldman Sachs Global Investment Research,"World Cup 2026: Predictions, Probabilities, and Paths to Victory",2026-05-29,Ecuador,tournament_advancement,round_of_16,0.421,pdf_text_exhibit_7,Exhibit 7 pdf column R16; as of 2026-05-29
Goldman Sachs Global Investment Research,"World Cup 2026: Predictions, Probabilities, and Paths to Victory",2026-05-29,Ecuador,tournament_advancement,quarter_final,0.153,pdf_text_exhibit_7,Exhibit 7 pdf column QF; as of 2026-05-29
Goldman Sachs Global Investment Research,"World Cup 2026: Predictions, Probabilities, and Paths to Victory",2026-05-29,Ecuador,tournament_advancement,semi_final,0.068,pdf_text_exhibit_7,Exhibit 7 pdf column SF; as of 2026-05-29
Goldman Sachs Global Investment Research,"World Cup 2026: Predictions, Probabilities, and Paths to Victory",2026-05-29,Ecuador,tournament_advancement,final,0.023,pdf_text_exhibit_7,Exhibit 7 pdf column Final; as of 2026-05-29
Goldman Sachs Global Investment Research,"World Cup 2026: Predictions, Probabilities, and Paths to Victory",2026-05-29,Ecuador,outright,winner,0.008,pdf_text_exhibit_7,Exhibit 7 pdf column Winner; as of 2026-05-29
Goldman Sachs Global Investment Research,"World Cup 2026: Predictions, Probabilities, and Paths to Victory",2026-05-29,Bosnia and Herz.,tournament_advancement,round_of_32,0.632,pdf_text_exhibit_7,Exhibit 7 pdf column R32; as of 2026-05-29
Goldman Sachs Global Investment Research,"World Cup 2026: Predictions, Probabilities, and Paths to Victory",2026-05-29,Bosnia and Herz.,tournament_advancement,round_of_16,0.227,pdf_text_exhibit_7,Exhibit 7 pdf column R16; as of 2026-05-29
Goldman Sachs Global Investment Research,"World Cup 2026: Predictions, Probabilities, and Paths to Victory",2026-05-29,Bosnia and Herz.,tournament_advancement,quarter_final,0.062,pdf_text_exhibit_7,Exhibit 7 pdf column QF; as of 2026-05-29
Goldman Sachs Global Investment Research,"World Cup 2026: Predictions, Probabilities, and Paths to Victory",2026-05-29,Bosnia and Herz.,tournament_advancement,semi_final,0.011,pdf_text_exhibit_7,Exhibit 7 pdf column SF; as of 2026-05-29
Goldman Sachs Global Investment Research,"World Cup 2026: Predictions, Probabilities, and Paths to Victory",2026-05-29,Bosnia and Herz.,tournament_advancement,final,0.002,pdf_text_exhibit_7,Exhibit 7 pdf column Final; as of 2026-05-29
Goldman Sachs Global Investment Research,"World Cup 2026: Predictions, Probabilities, and Paths to Victory",2026-05-29,Bosnia and Herz.,outright,winner,0,pdf_text_exhibit_7,Exhibit 7 pdf column Winner; as of 2026-05-29
Goldman Sachs Global Investment Research,"World Cup 2026: Predictions, Probabilities, and Paths to Victory",2026-05-29,Belgium,tournament_advancement,round_of_32,0.863,pdf_text_exhibit_7,Exhibit 7 pdf column R32; as of 2026-05-29
Goldman Sachs Global Investment Research,"World Cup 2026: Predictions, Probabilities, and Paths to Victory",2026-05-29,Belgium,tournament_advancement,round_of_16,0.516,pdf_text_exhibit_7,Exhibit 7 pdf column R16; as of 2026-05-29
Goldman Sachs Global Investment Research,"World Cup 2026: Predictions, Probabilities, and Paths to Victory",2026-05-29,Belgium,tournament_advancement,quarter_final,0.239,pdf_text_exhibit_7,Exhibit 7 pdf column QF; as of 2026-05-29
Goldman Sachs Global Investment Research,"World Cup 2026: Predictions, Probabilities, and Paths to Victory",2026-05-29,Belgium,tournament_advancement,semi_final,0.068,pdf_text_exhibit_7,Exhibit 7 pdf column SF; as of 2026-05-29
Goldman Sachs Global Investment Research,"World Cup 2026: Predictions, Probabilities, and Paths to Victory",2026-05-29,Belgium,tournament_advancement,final,0.023,pdf_text_exhibit_7,Exhibit 7 pdf column Final; as of 2026-05-29
Goldman Sachs Global Investment Research,"World Cup 2026: Predictions, Probabilities, and Paths to Victory",2026-05-29,Belgium,outright,winner,0.007,pdf_text_exhibit_7,Exhibit 7 pdf column Winner; as of 2026-05-29
Goldman Sachs Global Investment Research,"World Cup 2026: Predictions, Probabilities, and Paths to Victory",2026-05-29,Cape Verde,tournament_advancement,round_of_32,0.422,pdf_text_exhibit_7,Exhibit 7 pdf column R32; as of 2026-05-29
Goldman Sachs Global Investment Research,"World Cup 2026: Predictions, Probabilities, and Paths to Victory",2026-05-29,Cape Verde,tournament_advancement,round_of_16,0.079,pdf_text_exhibit_7,Exhibit 7 pdf column R16; as of 2026-05-29
Goldman Sachs Global Investment Research,"World Cup 2026: Predictions, Probabilities, and Paths to Victory",2026-05-29,Cape Verde,tournament_advancement,quarter_final,0.023,pdf_text_exhibit_7,Exhibit 7 pdf column QF; as of 2026-05-29
Goldman Sachs Global Investment Research,"World Cup 2026: Predictions, Probabilities, and Paths to Victory",2026-05-29,Cape Verde,tournament_advancement,semi_final,0.006,pdf_text_exhibit_7,Exhibit 7 pdf column SF; as of 2026-05-29
Goldman Sachs Global Investment Research,"World Cup 2026: Predictions, Probabilities, and Paths to Victory",2026-05-29,Cape Verde,tournament_advancement,final,0.001,pdf_text_exhibit_7,Exhibit 7 pdf column Final; as of 2026-05-29
Goldman Sachs Global Investment Research,"World Cup 2026: Predictions, Probabilities, and Paths to Victory",2026-05-29,Cape Verde,outright,winner,0,pdf_text_exhibit_7,Exhibit 7 pdf column Winner; as of 2026-05-29
Goldman Sachs Global Investment Research,"World Cup 2026: Predictions, Probabilities, and Paths to Victory",2026-05-29,Switzerland,tournament_advancement,round_of_32,0.889,pdf_text_exhibit_7,Exhibit 7 pdf column R32; as of 2026-05-29
Goldman Sachs Global Investment Research,"World Cup 2026: Predictions, Probabilities, and Paths to Victory",2026-05-29,Switzerland,tournament_advancement,round_of_16,0.542,pdf_text_exhibit_7,Exhibit 7 pdf column R16; as of 2026-05-29
Goldman Sachs Global Investment Research,"World Cup 2026: Predictions, Probabilities, and Paths to Victory",2026-05-29,Switzerland,tournament_advancement,quarter_final,0.218,pdf_text_exhibit_7,Exhibit 7 pdf column QF; as of 2026-05-29
Goldman Sachs Global Investment Research,"World Cup 2026: Predictions, Probabilities, and Paths to Victory",2026-05-29,Switzerland,tournament_advancement,semi_final,0.067,pdf_text_exhibit_7,Exhibit 7 pdf column SF; as of 2026-05-29
Goldman Sachs Global Investment Research,"World Cup 2026: Predictions, Probabilities, and Paths to Victory",2026-05-29,Switzerland,tournament_advancement,final,0.022,pdf_text_exhibit_7,Exhibit 7 pdf column Final; as of 2026-05-29
Goldman Sachs Global Investment Research,"World Cup 2026: Predictions, Probabilities, and Paths to Victory",2026-05-29,Switzerland,outright,winner,0.007,pdf_text_exhibit_7,Exhibit 7 pdf column Winner; as of 2026-05-29
Goldman Sachs Global Investment Research,"World Cup 2026: Predictions, Probabilities, and Paths to Victory",2026-05-29,New Zealand,tournament_advancement,round_of_32,0.529,pdf_text_exhibit_7,Exhibit 7 pdf column R32; as of 2026-05-29
Goldman Sachs Global Investment Research,"World Cup 2026: Predictions, Probabilities, and Paths to Victory",2026-05-29,New Zealand,tournament_advancement,round_of_16,0.172,pdf_text_exhibit_7,Exhibit 7 pdf column R16; as of 2026-05-29
Goldman Sachs Global Investment Research,"World Cup 2026: Predictions, Probabilities, and Paths to Victory",2026-05-29,New Zealand,tournament_advancement,quarter_final,0.043,pdf_text_exhibit_7,Exhibit 7 pdf column QF; as of 2026-05-29
Goldman Sachs Global Investment Research,"World Cup 2026: Predictions, Probabilities, and Paths to Victory",2026-05-29,New Zealand,tournament_advancement,semi_final,0.008,pdf_text_exhibit_7,Exhibit 7 pdf column SF; as of 2026-05-29
Goldman Sachs Global Investment Research,"World Cup 2026: Predictions, Probabilities, and Paths to Victory",2026-05-29,New Zealand,tournament_advancement,final,0.002,pdf_text_exhibit_7,Exhibit 7 pdf column Final; as of 2026-05-29
Goldman Sachs Global Investment Research,"World Cup 2026: Predictions, Probabilities, and Paths to Victory",2026-05-29,New Zealand,outright,winner,0,pdf_text_exhibit_7,Exhibit 7 pdf column Winner; as of 2026-05-29
Goldman Sachs Global Investment Research,"World Cup 2026: Predictions, Probabilities, and Paths to Victory",2026-05-29,Turkiye,tournament_advancement,round_of_32,0.773,pdf_text_exhibit_7,Exhibit 7 pdf column R32; as of 2026-05-29
Goldman Sachs Global Investment Research,"World Cup 2026: Predictions, Probabilities, and Paths to Victory",2026-05-29,Turkiye,tournament_advancement,round_of_16,0.459,pdf_text_exhibit_7,Exhibit 7 pdf column R16; as of 2026-05-29
Goldman Sachs Global Investment Research,"World Cup 2026: Predictions, Probabilities, and Paths to Victory",2026-05-29,Turkiye,tournament_advancement,quarter_final,0.218,pdf_text_exhibit_7,Exhibit 7 pdf column QF; as of 2026-05-29
Goldman Sachs Global Investment Research,"World Cup 2026: Predictions, Probabilities, and Paths to Victory",2026-05-29,Turkiye,tournament_advancement,semi_final,0.068,pdf_text_exhibit_7,Exhibit 7 pdf column SF; as of 2026-05-29
Goldman Sachs Global Investment Research,"World Cup 2026: Predictions, Probabilities, and Paths to Victory",2026-05-29,Turkiye,tournament_advancement,final,0.022,pdf_text_exhibit_7,Exhibit 7 pdf column Final; as of 2026-05-29
Goldman Sachs Global Investment Research,"World Cup 2026: Predictions, Probabilities, and Paths to Victory",2026-05-29,Turkiye,outright,winner,0.006,pdf_text_exhibit_7,Exhibit 7 pdf column Winner; as of 2026-05-29
Goldman Sachs Global Investment Research,"World Cup 2026: Predictions, Probabilities, and Paths to Victory",2026-05-29,Tunisia,tournament_advancement,round_of_32,0.39,pdf_text_exhibit_7,Exhibit 7 pdf column R32; as of 2026-05-29
Goldman Sachs Global Investment Research,"World Cup 2026: Predictions, Probabilities, and Paths to Victory",2026-05-29,Tunisia,tournament_advancement,round_of_16,0.074,pdf_text_exhibit_7,Exhibit 7 pdf column R16; as of 2026-05-29
Goldman Sachs Global Investment Research,"World Cup 2026: Predictions, Probabilities, and Paths to Victory",2026-05-29,Tunisia,tournament_advancement,quarter_final,0.023,pdf_text_exhibit_7,Exhibit 7 pdf column QF; as of 2026-05-29
Goldman Sachs Global Investment Research,"World Cup 2026: Predictions, Probabilities, and Paths to Victory",2026-05-29,Tunisia,tournament_advancement,semi_final,0.006,pdf_text_exhibit_7,Exhibit 7 pdf column SF; as of 2026-05-29
Goldman Sachs Global Investment Research,"World Cup 2026: Predictions, Probabilities, and Paths to Victory",2026-05-29,Tunisia,tournament_advancement,final,0.001,pdf_text_exhibit_7,Exhibit 7 pdf column Final; as of 2026-05-29
Goldman Sachs Global Investment Research,"World Cup 2026: Predictions, Probabilities, and Paths to Victory",2026-05-29,Tunisia,outright,winner,0,pdf_text_exhibit_7,Exhibit 7 pdf column Winner; as of 2026-05-29
Goldman Sachs Global Investment Research,"World Cup 2026: Predictions, Probabilities, and Paths to Victory",2026-05-29,United States,tournament_advancement,round_of_32,0.695,pdf_text_exhibit_7,Exhibit 7 pdf column R32; as of 2026-05-29
Goldman Sachs Global Investment Research,"World Cup 2026: Predictions, Probabilities, and Paths to Victory",2026-05-29,United States,tournament_advancement,round_of_16,0.389,pdf_text_exhibit_7,Exhibit 7 pdf column R16; as of 2026-05-29
Goldman Sachs Global Investment Research,"World Cup 2026: Predictions, Probabilities, and Paths to Victory",2026-05-29,United States,tournament_advancement,quarter_final,0.171,pdf_text_exhibit_7,Exhibit 7 pdf column QF; as of 2026-05-29
Goldman Sachs Global Investment Research,"World Cup 2026: Predictions, Probabilities, and Paths to Victory",2026-05-29,United States,tournament_advancement,semi_final,0.054,pdf_text_exhibit_7,Exhibit 7 pdf column SF; as of 2026-05-29
Goldman Sachs Global Investment Research,"World Cup 2026: Predictions, Probabilities, and Paths to Victory",2026-05-29,United States,tournament_advancement,final,0.017,pdf_text_exhibit_7,Exhibit 7 pdf column Final; as of 2026-05-29
Goldman Sachs Global Investment Research,"World Cup 2026: Predictions, Probabilities, and Paths to Victory",2026-05-29,United States,outright,winner,0.005,pdf_text_exhibit_7,Exhibit 7 pdf column Winner; as of 2026-05-29
Goldman Sachs Global Investment Research,"World Cup 2026: Predictions, Probabilities, and Paths to Victory",2026-05-29,Haiti,tournament_advancement,round_of_32,0.294,pdf_text_exhibit_7,Exhibit 7 pdf column R32; as of 2026-05-29
Goldman Sachs Global Investment Research,"World Cup 2026: Predictions, Probabilities, and Paths to Victory",2026-05-29,Haiti,tournament_advancement,round_of_16,0.054,pdf_text_exhibit_7,Exhibit 7 pdf column R16; as of 2026-05-29
Goldman Sachs Global Investment Research,"World Cup 2026: Predictions, Probabilities, and Paths to Victory",2026-05-29,Haiti,tournament_advancement,quarter_final,0.013,pdf_text_exhibit_7,Exhibit 7 pdf column QF; as of 2026-05-29
Goldman Sachs Global Investment Research,"World Cup 2026: Predictions, Probabilities, and Paths to Victory",2026-05-29,Haiti,tournament_advancement,semi_final,0.003,pdf_text_exhibit_7,Exhibit 7 pdf column SF; as of 2026-05-29
Goldman Sachs Global Investment Research,"World Cup 2026: Predictions, Probabilities, and Paths to Victory",2026-05-29,Haiti,tournament_advancement,final,0.001,pdf_text_exhibit_7,Exhibit 7 pdf column Final; as of 2026-05-29
Goldman Sachs Global Investment Research,"World Cup 2026: Predictions, Probabilities, and Paths to Victory",2026-05-29,Haiti,outright,winner,0,pdf_text_exhibit_7,Exhibit 7 pdf column Winner; as of 2026-05-29
Goldman Sachs Global Investment Research,"World Cup 2026: Predictions, Probabilities, and Paths to Victory",2026-05-29,Japan,tournament_advancement,round_of_32,0.789,pdf_text_exhibit_7,Exhibit 7 pdf column R32; as of 2026-05-29
Goldman Sachs Global Investment Research,"World Cup 2026: Predictions, Probabilities, and Paths to Victory",2026-05-29,Japan,tournament_advancement,round_of_16,0.307,pdf_text_exhibit_7,Exhibit 7 pdf column R16; as of 2026-05-29
Goldman Sachs Global Investment Research,"World Cup 2026: Predictions, Probabilities, and Paths to Victory",2026-05-29,Japan,tournament_advancement,quarter_final,0.16,pdf_text_exhibit_7,Exhibit 7 pdf column QF; as of 2026-05-29
Goldman Sachs Global Investment Research,"World Cup 2026: Predictions, Probabilities, and Paths to Victory",2026-05-29,Japan,tournament_advancement,semi_final,0.056,pdf_text_exhibit_7,Exhibit 7 pdf column SF; as of 2026-05-29
Goldman Sachs Global Investment Research,"World Cup 2026: Predictions, Probabilities, and Paths to Victory",2026-05-29,Japan,tournament_advancement,final,0.018,pdf_text_exhibit_7,Exhibit 7 pdf column Final; as of 2026-05-29
Goldman Sachs Global Investment Research,"World Cup 2026: Predictions, Probabilities, and Paths to Victory",2026-05-29,Japan,outright,winner,0.005,pdf_text_exhibit_7,Exhibit 7 pdf column Winner; as of 2026-05-29
Goldman Sachs Global Investment Research,"World Cup 2026: Predictions, Probabilities, and Paths to Victory",2026-05-29,Iraq,tournament_advancement,round_of_32,0.22,pdf_text_exhibit_7,Exhibit 7 pdf column R32; as of 2026-05-29
Goldman Sachs Global Investment Research,"World Cup 2026: Predictions, Probabilities, and Paths to Victory",2026-05-29,Iraq,tournament_advancement,round_of_16,0.057,pdf_text_exhibit_7,Exhibit 7 pdf column R16; as of 2026-05-29
Goldman Sachs Global Investment Research,"World Cup 2026: Predictions, Probabilities, and Paths to Victory",2026-05-29,Iraq,tournament_advancement,quarter_final,0.014,pdf_text_exhibit_7,Exhibit 7 pdf column QF; as of 2026-05-29
Goldman Sachs Global Investment Research,"World Cup 2026: Predictions, Probabilities, and Paths to Victory",2026-05-29,Iraq,tournament_advancement,semi_final,0.003,pdf_text_exhibit_7,Exhibit 7 pdf column SF; as of 2026-05-29
Goldman Sachs Global Investment Research,"World Cup 2026: Predictions, Probabilities, and Paths to Victory",2026-05-29,Iraq,tournament_advancement,final,0.001,pdf_text_exhibit_7,Exhibit 7 pdf column Final; as of 2026-05-29
Goldman Sachs Global Investment Research,"World Cup 2026: Predictions, Probabilities, and Paths to Victory",2026-05-29,Iraq,outright,winner,0,pdf_text_exhibit_7,Exhibit 7 pdf column Winner; as of 2026-05-29
Goldman Sachs Global Investment Research,"World Cup 2026: Predictions, Probabilities, and Paths to Victory",2026-05-29,Austria,tournament_advancement,round_of_32,0.694,pdf_text_exhibit_7,Exhibit 7 pdf column R32; as of 2026-05-29
Goldman Sachs Global Investment Research,"World Cup 2026: Predictions, Probabilities, and Paths to Victory",2026-05-29,Austria,tournament_advancement,round_of_16,0.239,pdf_text_exhibit_7,Exhibit 7 pdf column R16; as of 2026-05-29
Goldman Sachs Global Investment Research,"World Cup 2026: Predictions, Probabilities, and Paths to Victory",2026-05-29,Austria,tournament_advancement,quarter_final,0.112,pdf_text_exhibit_7,Exhibit 7 pdf column QF; as of 2026-05-29
Goldman Sachs Global Investment Research,"World Cup 2026: Predictions, Probabilities, and Paths to Victory",2026-05-29,Austria,tournament_advancement,semi_final,0.047,pdf_text_exhibit_7,Exhibit 7 pdf column SF; as of 2026-05-29
Goldman Sachs Global Investment Research,"World Cup 2026: Predictions, Probabilities, and Paths to Victory",2026-05-29,Austria,tournament_advancement,final,0.016,pdf_text_exhibit_7,Exhibit 7 pdf column Final; as of 2026-05-29
Goldman Sachs Global Investment Research,"World Cup 2026: Predictions, Probabilities, and Paths to Victory",2026-05-29,Austria,outright,winner,0.004,pdf_text_exhibit_7,Exhibit 7 pdf column Winner; as of 2026-05-29
Goldman Sachs Global Investment Research,"World Cup 2026: Predictions, Probabilities, and Paths to Victory",2026-05-29,Saudi Arabia,tournament_advancement,round_of_32,0.35,pdf_text_exhibit_7,Exhibit 7 pdf column R32; as of 2026-05-29
Goldman Sachs Global Investment Research,"World Cup 2026: Predictions, Probabilities, and Paths to Victory",2026-05-29,Saudi Arabia,tournament_advancement,round_of_16,0.055,pdf_text_exhibit_7,Exhibit 7 pdf column R16; as of 2026-05-29
Goldman Sachs Global Investment Research,"World Cup 2026: Predictions, Probabilities, and Paths to Victory",2026-05-29,Saudi Arabia,tournament_advancement,quarter_final,0.014,pdf_text_exhibit_7,Exhibit 7 pdf column QF; as of 2026-05-29
Goldman Sachs Global Investment Research,"World Cup 2026: Predictions, Probabilities, and Paths to Victory",2026-05-29,Saudi Arabia,tournament_advancement,semi_final,0.002,pdf_text_exhibit_7,Exhibit 7 pdf column SF; as of 2026-05-29
Goldman Sachs Global Investment Research,"World Cup 2026: Predictions, Probabilities, and Paths to Victory",2026-05-29,Saudi Arabia,tournament_advancement,final,0,pdf_text_exhibit_7,Exhibit 7 pdf column Final; as of 2026-05-29
Goldman Sachs Global Investment Research,"World Cup 2026: Predictions, Probabilities, and Paths to Victory",2026-05-29,Saudi Arabia,outright,winner,0,pdf_text_exhibit_7,Exhibit 7 pdf column Winner; as of 2026-05-29
Goldman Sachs Global Investment Research,"World Cup 2026: Predictions, Probabilities, and Paths to Victory",2026-05-29,Uruguay,tournament_advancement,round_of_32,0.799,pdf_text_exhibit_7,Exhibit 7 pdf column R32; as of 2026-05-29
Goldman Sachs Global Investment Research,"World Cup 2026: Predictions, Probabilities, and Paths to Victory",2026-05-29,Uruguay,tournament_advancement,round_of_16,0.265,pdf_text_exhibit_7,Exhibit 7 pdf column R16; as of 2026-05-29
Goldman Sachs Global Investment Research,"World Cup 2026: Predictions, Probabilities, and Paths to Victory",2026-05-29,Uruguay,tournament_advancement,quarter_final,0.129,pdf_text_exhibit_7,Exhibit 7 pdf column QF; as of 2026-05-29
Goldman Sachs Global Investment Research,"World Cup 2026: Predictions, Probabilities, and Paths to Victory",2026-05-29,Uruguay,tournament_advancement,semi_final,0.053,pdf_text_exhibit_7,Exhibit 7 pdf column SF; as of 2026-05-29
Goldman Sachs Global Investment Research,"World Cup 2026: Predictions, Probabilities, and Paths to Victory",2026-05-29,Uruguay,tournament_advancement,final,0.017,pdf_text_exhibit_7,Exhibit 7 pdf column Final; as of 2026-05-29
Goldman Sachs Global Investment Research,"World Cup 2026: Predictions, Probabilities, and Paths to Victory",2026-05-29,Uruguay,outright,winner,0.004,pdf_text_exhibit_7,Exhibit 7 pdf column Winner; as of 2026-05-29
Goldman Sachs Global Investment Research,"World Cup 2026: Predictions, Probabilities, and Paths to Victory",2026-05-29,South Africa,tournament_advancement,round_of_32,0.318,pdf_text_exhibit_7,Exhibit 7 pdf column R32; as of 2026-05-29
Goldman Sachs Global Investment Research,"World Cup 2026: Predictions, Probabilities, and Paths to Victory",2026-05-29,South Africa,tournament_advancement,round_of_16,0.087,pdf_text_exhibit_7,Exhibit 7 pdf column R16; as of 2026-05-29
Goldman Sachs Global Investment Research,"World Cup 2026: Predictions, Probabilities, and Paths to Victory",2026-05-29,South Africa,tournament_advancement,quarter_final,0.016,pdf_text_exhibit_7,Exhibit 7 pdf column QF; as of 2026-05-29
Goldman Sachs Global Investment Research,"World Cup 2026: Predictions, Probabilities, and Paths to Victory",2026-05-29,South Africa,tournament_advancement,semi_final,0.002,pdf_text_exhibit_7,Exhibit 7 pdf column SF; as of 2026-05-29
Goldman Sachs Global Investment Research,"World Cup 2026: Predictions, Probabilities, and Paths to Victory",2026-05-29,South Africa,tournament_advancement,final,0,pdf_text_exhibit_7,Exhibit 7 pdf column Final; as of 2026-05-29
Goldman Sachs Global Investment Research,"World Cup 2026: Predictions, Probabilities, and Paths to Victory",2026-05-29,South Africa,outright,winner,0,pdf_text_exhibit_7,Exhibit 7 pdf column Winner; as of 2026-05-29
Goldman Sachs Global Investment Research,"World Cup 2026: Predictions, Probabilities, and Paths to Victory",2026-05-29,Paraguay,tournament_advancement,round_of_32,0.67,pdf_text_exhibit_7,Exhibit 7 pdf column R32; as of 2026-05-29
Goldman Sachs Global Investment Research,"World Cup 2026: Predictions, Probabilities, and Paths to Victory",2026-05-29,Paraguay,tournament_advancement,round_of_16,0.354,pdf_text_exhibit_7,Exhibit 7 pdf column R16; as of 2026-05-29
Goldman Sachs Global Investment Research,"World Cup 2026: Predictions, Probabilities, and Paths to Victory",2026-05-29,Paraguay,tournament_advancement,quarter_final,0.139,pdf_text_exhibit_7,Exhibit 7 pdf column QF; as of 2026-05-29
Goldman Sachs Global Investment Research,"World Cup 2026: Predictions, Probabilities, and Paths to Victory",2026-05-29,Paraguay,tournament_advancement,semi_final,0.041,pdf_text_exhibit_7,Exhibit 7 pdf column SF; as of 2026-05-29
Goldman Sachs Global Investment Research,"World Cup 2026: Predictions, Probabilities, and Paths to Victory",2026-05-29,Paraguay,tournament_advancement,final,0.012,pdf_text_exhibit_7,Exhibit 7 pdf column Final; as of 2026-05-29
Goldman Sachs Global Investment Research,"World Cup 2026: Predictions, Probabilities, and Paths to Victory",2026-05-29,Paraguay,outright,winner,0.003,pdf_text_exhibit_7,Exhibit 7 pdf column Winner; as of 2026-05-29
Goldman Sachs Global Investment Research,"World Cup 2026: Predictions, Probabilities, and Paths to Victory",2026-05-29,Curacao,tournament_advancement,round_of_32,0.315,pdf_text_exhibit_7,Exhibit 7 pdf column R32; as of 2026-05-29
Goldman Sachs Global Investment Research,"World Cup 2026: Predictions, Probabilities, and Paths to Victory",2026-05-29,Curacao,tournament_advancement,round_of_16,0.061,pdf_text_exhibit_7,Exhibit 7 pdf column R16; as of 2026-05-29
Goldman Sachs Global Investment Research,"World Cup 2026: Predictions, Probabilities, and Paths to Victory",2026-05-29,Curacao,tournament_advancement,quarter_final,0.01,pdf_text_exhibit_7,Exhibit 7 pdf column QF; as of 2026-05-29
Goldman Sachs Global Investment Research,"World Cup 2026: Predictions, Probabilities, and Paths to Victory",2026-05-29,Curacao,tournament_advancement,semi_final,0.002,pdf_text_exhibit_7,Exhibit 7 pdf column SF; as of 2026-05-29
Goldman Sachs Global Investment Research,"World Cup 2026: Predictions, Probabilities, and Paths to Victory",2026-05-29,Curacao,tournament_advancement,final,0,pdf_text_exhibit_7,Exhibit 7 pdf column Final; as of 2026-05-29
Goldman Sachs Global Investment Research,"World Cup 2026: Predictions, Probabilities, and Paths to Victory",2026-05-29,Curacao,outright,winner,0,pdf_text_exhibit_7,Exhibit 7 pdf column Winner; as of 2026-05-29
Goldman Sachs Global Investment Research,"World Cup 2026: Predictions, Probabilities, and Paths to Victory",2026-05-29,Morocco,tournament_advancement,round_of_32,0.761,pdf_text_exhibit_7,Exhibit 7 pdf column R32; as of 2026-05-29
Goldman Sachs Global Investment Research,"World Cup 2026: Predictions, Probabilities, and Paths to Victory",2026-05-29,Morocco,tournament_advancement,round_of_16,0.269,pdf_text_exhibit_7,Exhibit 7 pdf column R16; as of 2026-05-29
Goldman Sachs Global Investment Research,"World Cup 2026: Predictions, Probabilities, and Paths to Victory",2026-05-29,Morocco,tournament_advancement,quarter_final,0.119,pdf_text_exhibit_7,Exhibit 7 pdf column QF; as of 2026-05-29
Goldman Sachs Global Investment Research,"World Cup 2026: Predictions, Probabilities, and Paths to Victory",2026-05-29,Morocco,tournament_advancement,semi_final,0.037,pdf_text_exhibit_7,Exhibit 7 pdf column SF; as of 2026-05-29
Goldman Sachs Global Investment Research,"World Cup 2026: Predictions, Probabilities, and Paths to Victory",2026-05-29,Morocco,tournament_advancement,final,0.011,pdf_text_exhibit_7,Exhibit 7 pdf column Final; as of 2026-05-29
Goldman Sachs Global Investment Research,"World Cup 2026: Predictions, Probabilities, and Paths to Victory",2026-05-29,Morocco,outright,winner,0.003,pdf_text_exhibit_7,Exhibit 7 pdf column Winner; as of 2026-05-29
Goldman Sachs Global Investment Research,"World Cup 2026: Predictions, Probabilities, and Paths to Victory",2026-05-29,Ghana,tournament_advancement,round_of_32,0.264,pdf_text_exhibit_7,Exhibit 7 pdf column R32; as of 2026-05-29
Goldman Sachs Global Investment Research,"World Cup 2026: Predictions, Probabilities, and Paths to Victory",2026-05-29,Ghana,tournament_advancement,round_of_16,0.051,pdf_text_exhibit_7,Exhibit 7 pdf column R16; as of 2026-05-29
Goldman Sachs Global Investment Research,"World Cup 2026: Predictions, Probabilities, and Paths to Victory",2026-05-29,Ghana,tournament_advancement,quarter_final,0.01,pdf_text_exhibit_7,Exhibit 7 pdf column QF; as of 2026-05-29
Goldman Sachs Global Investment Research,"World Cup 2026: Predictions, Probabilities, and Paths to Victory",2026-05-29,Ghana,tournament_advancement,semi_final,0.002,pdf_text_exhibit_7,Exhibit 7 pdf column SF; as of 2026-05-29
Goldman Sachs Global Investment Research,"World Cup 2026: Predictions, Probabilities, and Paths to Victory",2026-05-29,Ghana,tournament_advancement,final,0,pdf_text_exhibit_7,Exhibit 7 pdf column Final; as of 2026-05-29
Goldman Sachs Global Investment Research,"World Cup 2026: Predictions, Probabilities, and Paths to Victory",2026-05-29,Ghana,outright,winner,0,pdf_text_exhibit_7,Exhibit 7 pdf column Winner; as of 2026-05-29
Goldman Sachs Global Investment Research,"World Cup 2026: Predictions, Probabilities, and Paths to Victory",2026-05-29,Canada,tournament_advancement,round_of_32,0.907,pdf_text_exhibit_7,Exhibit 7 pdf column R32; as of 2026-05-29
Goldman Sachs Global Investment Research,"World Cup 2026: Predictions, Probabilities, and Paths to Victory",2026-05-29,Canada,tournament_advancement,round_of_16,0.504,pdf_text_exhibit_7,Exhibit 7 pdf column R16; as of 2026-05-29
Goldman Sachs Global Investment Research,"World Cup 2026: Predictions, Probabilities, and Paths to Victory",2026-05-29,Canada,tournament_advancement,quarter_final,0.184,pdf_text_exhibit_7,Exhibit 7 pdf column QF; as of 2026-05-29
Goldman Sachs Global Investment Research,"World Cup 2026: Predictions, Probabilities, and Paths to Victory",2026-05-29,Canada,tournament_advancement,semi_final,0.047,pdf_text_exhibit_7,Exhibit 7 pdf column SF; as of 2026-05-29
Goldman Sachs Global Investment Research,"World Cup 2026: Predictions, Probabilities, and Paths to Victory",2026-05-29,Canada,tournament_advancement,final,0.012,pdf_text_exhibit_7,Exhibit 7 pdf column Final; as of 2026-05-29
Goldman Sachs Global Investment Research,"World Cup 2026: Predictions, Probabilities, and Paths to Victory",2026-05-29,Canada,outright,winner,0.003,pdf_text_exhibit_7,Exhibit 7 pdf column Winner; as of 2026-05-29
Goldman Sachs Global Investment Research,"World Cup 2026: Predictions, Probabilities, and Paths to Victory",2026-05-29,Qatar,tournament_advancement,round_of_32,0.275,pdf_text_exhibit_7,Exhibit 7 pdf column R32; as of 2026-05-29
Goldman Sachs Global Investment Research,"World Cup 2026: Predictions, Probabilities, and Paths to Victory",2026-05-29,Qatar,tournament_advancement,round_of_16,0.055,pdf_text_exhibit_7,Exhibit 7 pdf column R16; as of 2026-05-29
Goldman Sachs Global Investment Research,"World Cup 2026: Predictions, Probabilities, and Paths to Victory",2026-05-29,Qatar,tournament_advancement,quarter_final,0.009,pdf_text_exhibit_7,Exhibit 7 pdf column QF; as of 2026-05-29
Goldman Sachs Global Investment Research,"World Cup 2026: Predictions, Probabilities, and Paths to Victory",2026-05-29,Qatar,tournament_advancement,semi_final,0.001,pdf_text_exhibit_7,Exhibit 7 pdf column SF; as of 2026-05-29
Goldman Sachs Global Investment Research,"World Cup 2026: Predictions, Probabilities, and Paths to Victory",2026-05-29,Qatar,tournament_advancement,final,0,pdf_text_exhibit_7,Exhibit 7 pdf column Final; as of 2026-05-29
Goldman Sachs Global Investment Research,"World Cup 2026: Predictions, Probabilities, and Paths to Victory",2026-05-29,Qatar,outright,winner,0,pdf_text_exhibit_7,Exhibit 7 pdf column Winner; as of 2026-05-29
